tokens_b,stage,target_web,target_code,target_math,target_reasoning,target_indic,target_agentic,target_longctx,target_instruct,realized_web,realized_code,realized_math,realized_reasoning,realized_indic,realized_agentic,realized_longctx,realized_instruct
0.0,s0_seed,0.72,0.08,0.04,0.02,0.1,0.03,0.0,0.01,0.715,0.08167,0.04333,0.02,0.1,0.03,0.0,0.01
10.0,s0_seed,0.72,0.08,0.04,0.02,0.1,0.03,0.0,0.01,0.71167,0.075,0.04333,0.02833,0.1,0.03333,0.0,0.00833
20.0,s0_seed,0.72,0.08,0.04,0.02,0.1,0.03,0.0,0.01,0.70833,0.08,0.03833,0.025,0.1,0.04,0.0,0.00833
30.0,s0_seed,0.72,0.08,0.04,0.02,0.1,0.03,0.0,0.01,0.72833,0.07667,0.03,0.025,0.1,0.03,0.0,0.01
40.0,s0_seed,0.72,0.08,0.04,0.02,0.1,0.03,0.0,0.01,0.69833,0.08667,0.05333,0.02,0.1,0.03333,0.0,0.00833
50.0,s1_foundation,0.6,0.1325,0.0775,0.02,0.1075,0.03,0.0225,0.01,0.60333,0.14167,0.06833,0.02,0.10833,0.03,0.01833,0.01
60.0,s1_foundation,0.568,0.1465,0.0875,0.02,0.1095,0.03,0.0285,0.01,0.56667,0.13833,0.09667,0.02,0.11667,0.03,0.025,0.00667
70.0,s1_foundation,0.56,0.15,0.09,0.02,0.11,0.03,0.03,0.01,0.56833,0.16,0.06,0.02167,0.12167,0.03167,0.02667,0.01
80.0,s1_foundation,0.56,0.15,0.09,0.02,0.11,0.03,0.03,0.01,0.52833,0.17,0.09833,0.02333,0.11833,0.03167,0.02167,0.00833
90.0,s1_foundation,0.56,0.15,0.09,0.02,0.11,0.03,0.03,0.01,0.56333,0.165,0.085,0.02,0.10167,0.03,0.025,0.01
100.0,s1_foundation,0.56,0.15,0.09,0.02,0.11,0.03,0.03,0.01,0.54667,0.16667,0.09333,0.02,0.1,0.03,0.03333,0.01
110.0,s1_foundation,0.56,0.15,0.09,0.02,0.11,0.03,0.03,0.01,0.55833,0.13,0.09667,0.02667,0.10667,0.04,0.03,0.01167
120.0,s1_foundation,0.56,0.15,0.09,0.02,0.11,0.03,0.03,0.01,0.54333,0.16,0.1,0.02,0.10833,0.03,0.03167,0.00667
130.0,s1_foundation,0.56,0.15,0.09,0.02,0.11,0.03,0.03,0.01,0.555,0.15167,0.09667,0.02,0.10333,0.03,0.03167,0.01167
140.0,s1_foundation,0.56,0.15,0.09,0.02,0.11,0.03,0.03,0.01,0.54,0.17167,0.08167,0.02,0.11167,0.03,0.03333,0.01167
150.0,s1_foundation,0.56,0.15,0.09,0.02,0.11,0.03,0.03,0.01,0.54667,0.16833,0.09667,0.02,0.1,0.03,0.02833,0.01
160.0,s1_foundation,0.56,0.15,0.09,0.02,0.11,0.03,0.03,0.01,0.52167,0.16833,0.09333,0.02,0.12167,0.03,0.03167,0.01333
170.0,s1_foundation,0.56,0.15,0.09,0.02,0.11,0.03,0.03,0.01,0.54167,0.15833,0.09667,0.02167,0.11667,0.03167,0.02667,0.00667
180.0,s1_foundation,0.56,0.15,0.09,0.02,0.11,0.03,0.03,0.01,0.56,0.14333,0.08167,0.02,0.10667,0.03333,0.04,0.015
190.0,s1_foundation,0.56,0.15,0.09,0.02,0.11,0.03,0.03,0.01,0.57167,0.125,0.10833,0.025,0.10833,0.03333,0.01833,0.01
200.0,s1_foundation,0.56,0.15,0.09,0.02,0.11,0.03,0.03,0.01,0.54667,0.14333,0.095,0.02,0.11333,0.03833,0.03667,0.00667
210.0,s1_foundation,0.56,0.15,0.09,0.02,0.11,0.03,0.03,0.01,0.52,0.16167,0.10333,0.02,0.11167,0.03,0.03667,0.01667
220.0,s1_foundation,0.56,0.15,0.09,0.02,0.11,0.03,0.03,0.01,0.535,0.14667,0.09833,0.02667,0.115,0.03,0.03,0.01833
230.0,s1_foundation,0.56,0.15,0.09,0.02,0.11,0.03,0.03,0.01,0.54,0.15833,0.10167,0.02,0.11167,0.03,0.03167,0.00667
240.0,s1_foundation,0.56,0.15,0.09,0.02,0.11,0.03,0.03,0.01,0.55833,0.15333,0.08,0.02167,0.10667,0.04333,0.02667,0.01
250.0,s1_foundation,0.56,0.15,0.09,0.02,0.11,0.03,0.03,0.01,0.56333,0.15167,0.085,0.02,0.115,0.03,0.02167,0.01333
260.0,s1_foundation,0.56,0.15,0.09,0.02,0.11,0.03,0.03,0.01,0.54333,0.15167,0.08667,0.02,0.12667,0.03,0.03333,0.00833
270.0,s1_foundation,0.56,0.15,0.09,0.02,0.11,0.03,0.03,0.01,0.56,0.13667,0.09667,0.02,0.11167,0.03167,0.03167,0.01167
280.0,s1_foundation,0.56,0.15,0.09,0.02,0.11,0.03,0.03,0.01,0.56333,0.15667,0.09,0.02,0.105,0.03,0.02667,0.00833
290.0,s1_foundation,0.56,0.15,0.09,0.02,0.11,0.03,0.03,0.01,0.57667,0.14667,0.08667,0.02,0.1,0.03,0.03333,0.00667
300.0,s1_foundation,0.56,0.15,0.09,0.02,0.11,0.03,0.03,0.01,0.57167,0.15333,0.085,0.02333,0.10667,0.03333,0.025,0.00167
310.0,s1_foundation,0.56,0.15,0.09,0.02,0.11,0.03,0.03,0.01,0.54167,0.16,0.09167,0.025,0.1,0.03333,0.03167,0.01667
320.0,s1_foundation,0.56,0.15,0.09,0.02,0.11,0.03,0.03,0.01,0.555,0.155,0.1,0.02,0.10167,0.03,0.02833,0.01
330.0,s1_foundation,0.56,0.15,0.09,0.02,0.11,0.03,0.03,0.01,0.57833,0.13333,0.085,0.02,0.11,0.03,0.03833,0.005
340.0,s1_foundation,0.56,0.15,0.09,0.02,0.11,0.03,0.03,0.01,0.54333,0.175,0.09833,0.02,0.1,0.03,0.02167,0.01167
350.0,s1_foundation,0.56,0.15,0.09,0.02,0.11,0.03,0.03,0.01,0.525,0.16333,0.09667,0.02333,0.12,0.03,0.03,0.01167
360.0,s1_foundation,0.56,0.15,0.09,0.02,0.11,0.03,0.03,0.01,0.55667,0.135,0.11167,0.02,0.10667,0.03,0.03333,0.00667
370.0,s1_foundation,0.56,0.15,0.09,0.02,0.11,0.03,0.03,0.01,0.56667,0.13333,0.09333,0.02,0.1,0.03333,0.04333,0.01
380.0,s1_foundation,0.56,0.15,0.09,0.02,0.11,0.03,0.03,0.01,0.57,0.14,0.08333,0.02,0.11,0.03,0.03333,0.01333
390.0,s1_foundation,0.56,0.15,0.09,0.02,0.11,0.03,0.03,0.01,0.56,0.16167,0.08333,0.02,0.11,0.03333,0.025,0.00667
400.0,s1_foundation,0.56,0.15,0.09,0.02,0.11,0.03,0.03,0.01,0.555,0.165,0.08,0.02167,0.1,0.04167,0.03,0.00667
410.0,s1_foundation,0.56,0.15,0.09,0.02,0.11,0.03,0.03,0.01,0.54833,0.16167,0.095,0.02,0.10833,0.03,0.02333,0.01333
420.0,s1_foundation,0.56,0.15,0.09,0.02,0.11,0.03,0.03,0.01,0.57167,0.135,0.09167,0.02667,0.105,0.035,0.02833,0.00667
430.0,s1_foundation,0.56,0.15,0.09,0.02,0.11,0.03,0.03,0.01,0.55833,0.13,0.10333,0.02,0.11333,0.03,0.035,0.01
440.0,s1_foundation,0.56,0.15,0.09,0.02,0.11,0.03,0.03,0.01,0.54833,0.155,0.09667,0.025,0.10667,0.03,0.025,0.01333
450.0,s1_foundation,0.56,0.15,0.09,0.02,0.11,0.03,0.03,0.01,0.565,0.13833,0.1,0.02167,0.1,0.03,0.03333,0.01167
460.0,s1_foundation,0.56,0.15,0.09,0.02,0.11,0.03,0.03,0.01,0.58833,0.13333,0.07333,0.02,0.11667,0.03,0.02833,0.01
470.0,s1_foundation,0.56,0.15,0.09,0.02,0.11,0.03,0.03,0.01,0.57,0.16,0.085,0.02,0.1,0.03,0.03167,0.00333
480.0,s1_foundation,0.56,0.15,0.09,0.02,0.11,0.03,0.03,0.01,0.52333,0.15667,0.10333,0.02,0.115,0.03,0.03667,0.015
490.0,s1_foundation,0.56,0.15,0.09,0.02,0.11,0.03,0.03,0.01,0.55667,0.16833,0.085,0.02,0.1,0.03167,0.03,0.00833
500.0,s1_foundation,0.56,0.15,0.09,0.02,0.11,0.03,0.03,0.01,0.54167,0.145,0.09667,0.02,0.115,0.035,0.03167,0.015
510.0,s1_foundation,0.56,0.15,0.09,0.02,0.11,0.03,0.03,0.01,0.54333,0.14833,0.11,0.025,0.1,0.03,0.03333,0.01
520.0,s1_foundation,0.56,0.15,0.09,0.02,0.11,0.03,0.03,0.01,0.555,0.13667,0.11,0.02,0.115,0.03,0.02333,0.01
530.0,s1_foundation,0.56,0.15,0.09,0.02,0.11,0.03,0.03,0.01,0.57333,0.16167,0.07333,0.02,0.11167,0.03,0.02,0.01
540.0,s1_foundation,0.56,0.15,0.09,0.02,0.11,0.03,0.03,0.01,0.57167,0.14333,0.095,0.02333,0.10333,0.03,0.02833,0.005
550.0,s1_foundation,0.56,0.15,0.09,0.02,0.11,0.03,0.03,0.01,0.55667,0.16667,0.07333,0.02333,0.11,0.03,0.02833,0.01167
560.0,s1_foundation,0.56,0.15,0.09,0.02,0.11,0.03,0.03,0.01,0.555,0.14333,0.08667,0.02,0.11667,0.03,0.04,0.00833
570.0,s1_foundation,0.56,0.15,0.09,0.02,0.11,0.03,0.03,0.01,0.59333,0.14333,0.07833,0.02,0.1,0.03,0.02667,0.00833
580.0,s1_foundation,0.56,0.15,0.09,0.02,0.11,0.03,0.03,0.01,0.58333,0.135,0.09167,0.02,0.1,0.03167,0.03,0.00833
590.0,s1_foundation,0.56,0.15,0.09,0.02,0.11,0.03,0.03,0.01,0.57667,0.14667,0.065,0.02,0.12,0.03333,0.02833,0.01
600.0,s1_foundation,0.56,0.15,0.09,0.02,0.11,0.03,0.03,0.01,0.56667,0.16167,0.085,0.02167,0.10167,0.03,0.02667,0.00667
610.0,s1_foundation,0.56,0.15,0.09,0.02,0.11,0.03,0.03,0.01,0.53667,0.16333,0.09167,0.02,0.10667,0.03333,0.03667,0.01167
620.0,s1_foundation,0.56,0.15,0.09,0.02,0.11,0.03,0.03,0.01,0.54667,0.155,0.09667,0.02,0.115,0.035,0.02167,0.01
630.0,s1_foundation,0.56,0.15,0.09,0.02,0.11,0.03,0.03,0.01,0.55,0.15,0.1,0.02167,0.10333,0.03,0.03,0.015
640.0,s1_foundation,0.56,0.15,0.09,0.02,0.11,0.03,0.03,0.01,0.54,0.14833,0.10167,0.02,0.11833,0.03,0.03,0.01167
650.0,s1_foundation,0.56,0.15,0.09,0.02,0.11,0.03,0.03,0.01,0.58333,0.13167,0.09,0.025,0.105,0.03,0.02333,0.01167
660.0,s1_foundation,0.56,0.15,0.09,0.02,0.11,0.03,0.03,0.01,0.55167,0.155,0.08167,0.02167,0.12,0.03,0.02667,0.01333
670.0,s1_foundation,0.56,0.15,0.09,0.02,0.11,0.03,0.03,0.01,0.545,0.16333,0.10667,0.02,0.1,0.03167,0.02333,0.01
680.0,s1_foundation,0.56,0.15,0.09,0.02,0.11,0.03,0.03,0.01,0.53667,0.165,0.09667,0.02,0.11,0.03,0.03333,0.00833
690.0,s1_foundation,0.56,0.15,0.09,0.02,0.11,0.03,0.03,0.01,0.56833,0.15,0.07833,0.02,0.10167,0.03667,0.03167,0.01333
700.0,s1_foundation,0.56,0.15,0.09,0.02,0.11,0.03,0.03,0.01,0.53833,0.15,0.08833,0.02,0.12167,0.04,0.03667,0.005
710.0,s1_foundation,0.56,0.15,0.09,0.02,0.11,0.03,0.03,0.01,0.54,0.15833,0.09833,0.03,0.105,0.03,0.03167,0.00667
720.0,s1_foundation,0.56,0.15,0.09,0.02,0.11,0.03,0.03,0.01,0.54667,0.13667,0.10167,0.02,0.12333,0.03,0.03667,0.005
730.0,s1_foundation,0.56,0.15,0.09,0.02,0.11,0.03,0.03,0.01,0.55333,0.16667,0.08167,0.02167,0.10333,0.03333,0.02667,0.01333
740.0,s1_foundation,0.56,0.15,0.09,0.02,0.11,0.03,0.03,0.01,0.55,0.15333,0.10167,0.02167,0.1,0.03167,0.02667,0.015
750.0,s1_foundation,0.56,0.15,0.09,0.02,0.11,0.03,0.03,0.01,0.555,0.14333,0.07667,0.02,0.11833,0.04167,0.03667,0.00833
760.0,s1_foundation,0.56,0.15,0.09,0.02,0.11,0.03,0.03,0.01,0.58333,0.13833,0.09333,0.02,0.1,0.03,0.025,0.01
770.0,s1_foundation,0.56,0.15,0.09,0.02,0.11,0.03,0.03,0.01,0.53667,0.15667,0.09833,0.02,0.11,0.04167,0.02667,0.01
780.0,s1_foundation,0.56,0.15,0.09,0.02,0.11,0.03,0.03,0.01,0.56167,0.14333,0.07833,0.02,0.12167,0.03,0.03167,0.01333
790.0,s1_foundation,0.56,0.15,0.09,0.02,0.11,0.03,0.03,0.01,0.55,0.15,0.095,0.02,0.11333,0.03,0.03,0.01167
800.0,s1_foundation,0.56,0.15,0.09,0.02,0.11,0.03,0.03,0.01,0.55167,0.165,0.08167,0.02667,0.1,0.03667,0.02667,0.01167
810.0,s1_foundation,0.56,0.15,0.09,0.02,0.11,0.03,0.03,0.01,0.57,0.14333,0.08833,0.02167,0.11667,0.03,0.02167,0.00833
820.0,s1_foundation,0.56,0.15,0.09,0.02,0.11,0.03,0.03,0.01,0.57167,0.14,0.08333,0.02,0.11,0.03333,0.03333,0.00833
830.0,s1_foundation,0.56,0.15,0.09,0.02,0.11,0.03,0.03,0.01,0.56167,0.13167,0.1,0.02,0.11167,0.03,0.03167,0.01333
840.0,s1_foundation,0.56,0.15,0.09,0.02,0.11,0.03,0.03,0.01,0.56667,0.14667,0.08,0.02,0.11333,0.03,0.03333,0.01
850.0,s1_foundation,0.56,0.15,0.09,0.02,0.11,0.03,0.03,0.01,0.54833,0.165,0.085,0.025,0.105,0.03,0.02667,0.015
860.0,s1_foundation,0.56,0.15,0.09,0.02,0.11,0.03,0.03,0.01,0.55833,0.15667,0.08833,0.02,0.1,0.04167,0.02333,0.01167
870.0,s1_foundation,0.56,0.15,0.09,0.02,0.11,0.03,0.03,0.01,0.58333,0.13167,0.08667,0.02,0.1,0.03833,0.03167,0.00833
880.0,s1_foundation,0.56,0.15,0.09,0.02,0.11,0.03,0.03,0.01,0.565,0.14333,0.08833,0.02,0.11333,0.04,0.02667,0.00333
890.0,s1_foundation,0.5375,0.15964,0.09964,0.02107,0.11107,0.03107,0.03,0.01,0.53,0.16833,0.09667,0.02167,0.10833,0.03,0.03167,0.01333
900.0,s2_capability,0.4025,0.2175,0.1575,0.0275,0.1175,0.0375,0.03,0.01,0.37667,0.24,0.155,0.03167,0.11833,0.03333,0.03,0.015
910.0,s2_capability,0.3725,0.23036,0.17036,0.02893,0.11893,0.03893,0.03,0.01,0.395,0.23,0.14333,0.02,0.12833,0.04,0.035,0.00833
920.0,s2_capability,0.35,0.24,0.18,0.03,0.12,0.04,0.03,0.01,0.36333,0.24167,0.16,0.035,0.11667,0.04833,0.02667,0.00833
930.0,s2_capability,0.35,0.24,0.18,0.03,0.12,0.04,0.03,0.01,0.355,0.24167,0.185,0.03,0.11,0.04667,0.02333,0.00833
940.0,s2_capability,0.35,0.24,0.18,0.03,0.12,0.04,0.03,0.01,0.345,0.22833,0.16333,0.03333,0.155,0.04167,0.03,0.00333
950.0,s2_capability,0.35,0.24,0.18,0.03,0.12,0.04,0.03,0.01,0.35167,0.25333,0.185,0.025,0.10833,0.04,0.03167,0.005
960.0,s2_capability,0.35,0.24,0.18,0.03,0.12,0.04,0.03,0.01,0.37833,0.22333,0.16,0.02833,0.14333,0.03833,0.025,0.00333
970.0,s2_capability,0.35,0.24,0.18,0.03,0.12,0.04,0.03,0.01,0.36333,0.24,0.15667,0.03167,0.12,0.04167,0.03667,0.01
980.0,s2_capability,0.35,0.24,0.18,0.03,0.12,0.04,0.03,0.01,0.34167,0.22667,0.19833,0.02,0.12,0.04667,0.03,0.01667
990.0,s2_capability,0.35,0.24,0.18,0.03,0.12,0.04,0.03,0.01,0.35333,0.26167,0.185,0.02667,0.1,0.03833,0.02667,0.00833
1000.0,s2_capability,0.35,0.24,0.18,0.03,0.12,0.04,0.03,0.01,0.33333,0.25167,0.185,0.03333,0.12667,0.03667,0.025,0.00833
1010.0,s2_capability,0.35,0.24,0.18,0.03,0.12,0.04,0.03,0.01,0.34333,0.25667,0.18167,0.02167,0.12167,0.03667,0.03167,0.00667
1020.0,s2_capability,0.35,0.24,0.18,0.03,0.12,0.04,0.03,0.01,0.32667,0.23667,0.19167,0.03833,0.13167,0.04333,0.025,0.00667
1030.0,s2_capability,0.35,0.24,0.18,0.03,0.12,0.04,0.03,0.01,0.35,0.245,0.18,0.03167,0.12333,0.035,0.025,0.01
1040.0,s2_capability,0.35,0.24,0.18,0.03,0.12,0.04,0.03,0.01,0.35,0.26,0.15167,0.03167,0.125,0.03333,0.03167,0.01667
1050.0,s2_capability,0.35,0.24,0.18,0.03,0.12,0.04,0.03,0.01,0.325,0.23167,0.19833,0.03833,0.12667,0.045,0.025,0.01
1060.0,s2_capability,0.35,0.24,0.18,0.03,0.12,0.04,0.03,0.01,0.35833,0.26167,0.16167,0.02,0.11667,0.04,0.03333,0.00833
1070.0,s2_capability,0.35,0.24,0.18,0.03,0.12,0.04,0.03,0.01,0.36667,0.225,0.20333,0.03,0.10667,0.03333,0.02833,0.00667
1080.0,s2_capability,0.35,0.24,0.18,0.03,0.12,0.04,0.03,0.01,0.33167,0.26,0.19,0.025,0.11667,0.035,0.03167,0.01
1090.0,s2_capability,0.35,0.24,0.18,0.03,0.12,0.04,0.03,0.01,0.34667,0.235,0.17667,0.03333,0.11,0.04333,0.04333,0.01167
1100.0,s2_capability,0.35,0.24,0.18,0.03,0.12,0.04,0.03,0.01,0.33667,0.24,0.175,0.02333,0.14,0.04,0.03667,0.00833
1110.0,s2_capability,0.35,0.24,0.18,0.03,0.12,0.04,0.03,0.01,0.34833,0.24833,0.18,0.02667,0.11333,0.04167,0.03667,0.005
1120.0,s2_capability,0.35,0.24,0.18,0.03,0.12,0.04,0.03,0.01,0.34167,0.245,0.17,0.025,0.13,0.04167,0.03667,0.01
1130.0,s2_capability,0.35,0.24,0.18,0.03,0.12,0.04,0.03,0.01,0.34833,0.235,0.2,0.03833,0.12,0.03,0.02,0.00833
1140.0,s2_capability,0.35,0.24,0.18,0.03,0.12,0.04,0.03,0.01,0.33833,0.24333,0.175,0.02667,0.12833,0.03833,0.035,0.015
1150.0,s2_capability,0.35,0.24,0.18,0.03,0.12,0.04,0.03,0.01,0.37,0.24667,0.17,0.025,0.11667,0.03333,0.025,0.01333
1160.0,s2_capability,0.35,0.24,0.18,0.03,0.12,0.04,0.03,0.01,0.345,0.21167,0.20667,0.02833,0.11,0.045,0.03833,0.015
1170.0,s2_capability,0.35,0.24,0.18,0.03,0.12,0.04,0.03,0.01,0.32833,0.27,0.165,0.025,0.11833,0.05167,0.03167,0.01
1180.0,s2_capability,0.35,0.24,0.18,0.03,0.12,0.04,0.03,0.01,0.36167,0.22667,0.18333,0.04333,0.11167,0.04333,0.02167,0.00833
1190.0,s2_capability,0.35,0.24,0.18,0.03,0.12,0.04,0.03,0.01,0.34833,0.23333,0.195,0.02167,0.13167,0.03833,0.02333,0.00833
1200.0,s2_capability,0.35,0.24,0.18,0.03,0.12,0.04,0.03,0.01,0.31333,0.26,0.19667,0.04167,0.11667,0.035,0.03,0.00667
1210.0,s2_capability,0.35,0.24,0.18,0.03,0.12,0.04,0.03,0.01,0.37,0.235,0.16667,0.03,0.10833,0.04,0.035,0.015
1220.0,s2_capability,0.35,0.24,0.18,0.03,0.12,0.04,0.03,0.01,0.325,0.25,0.18333,0.03333,0.12167,0.04,0.03833,0.00833
1230.0,s2_capability,0.35,0.24,0.18,0.03,0.12,0.04,0.03,0.01,0.34333,0.24,0.17667,0.03667,0.125,0.04333,0.02833,0.00667
1240.0,s2_capability,0.35,0.24,0.18,0.03,0.12,0.04,0.03,0.01,0.37,0.235,0.17333,0.025,0.10667,0.04,0.03833,0.01167
1250.0,s2_capability,0.35,0.24,0.18,0.03,0.12,0.04,0.03,0.01,0.34667,0.24,0.17333,0.03167,0.115,0.05333,0.03167,0.00833
1260.0,s2_capability,0.35,0.24,0.18,0.03,0.12,0.04,0.03,0.01,0.33,0.25,0.18167,0.04,0.115,0.03333,0.03667,0.01333
1270.0,s2_capability,0.35,0.24,0.18,0.03,0.12,0.04,0.03,0.01,0.34,0.25667,0.17,0.02667,0.115,0.04667,0.03667,0.00833
1280.0,s2_capability,0.35,0.24,0.18,0.03,0.12,0.04,0.03,0.01,0.34833,0.25,0.16,0.03,0.12,0.045,0.03167,0.015
1290.0,s2_capability,0.35,0.24,0.18,0.03,0.12,0.04,0.03,0.01,0.32667,0.25333,0.17667,0.025,0.14,0.04667,0.025,0.00667
1300.0,s2_capability,0.35,0.24,0.18,0.03,0.12,0.04,0.03,0.01,0.34833,0.24,0.21667,0.02167,0.105,0.035,0.02667,0.00667
1310.0,s2_capability,0.35,0.24,0.18,0.03,0.12,0.04,0.03,0.01,0.34333,0.23833,0.175,0.02667,0.135,0.04,0.03,0.01167
1320.0,s2_capability,0.35,0.24,0.18,0.03,0.12,0.04,0.03,0.01,0.35333,0.23,0.18,0.025,0.12333,0.045,0.03,0.01333
1330.0,s2_capability,0.35,0.24,0.18,0.03,0.12,0.04,0.03,0.01,0.34833,0.235,0.16167,0.03167,0.135,0.04333,0.03333,0.01167
1340.0,s2_capability,0.35,0.24,0.18,0.03,0.12,0.04,0.03,0.01,0.36333,0.22333,0.195,0.03,0.12167,0.03167,0.02667,0.00833
1350.0,s2_capability,0.35,0.24,0.18,0.03,0.12,0.04,0.03,0.01,0.33333,0.24667,0.17,0.03833,0.13167,0.03333,0.03833,0.00833
1360.0,s2_capability,0.35,0.24,0.18,0.03,0.12,0.04,0.03,0.01,0.33333,0.25333,0.18833,0.035,0.11,0.04833,0.025,0.00667
1370.0,s2_capability,0.35,0.24,0.18,0.03,0.12,0.04,0.03,0.01,0.35167,0.26167,0.16833,0.03333,0.115,0.03333,0.03,0.00667
1380.0,s2_capability,0.35,0.24,0.18,0.03,0.12,0.04,0.03,0.01,0.35833,0.24667,0.18167,0.03667,0.10667,0.03833,0.02333,0.00833
1390.0,s2_capability,0.35,0.24,0.18,0.03,0.12,0.04,0.03,0.01,0.35833,0.21667,0.195,0.03833,0.10833,0.04833,0.02667,0.00833
1400.0,s2_capability,0.35,0.24,0.18,0.03,0.12,0.04,0.03,0.01,0.395,0.22333,0.16167,0.02833,0.11667,0.045,0.015,0.015
1410.0,s2_capability,0.35,0.24,0.18,0.03,0.12,0.04,0.03,0.01,0.39,0.215,0.17333,0.03167,0.115,0.03833,0.02667,0.01
1420.0,s2_capability,0.35,0.24,0.18,0.03,0.12,0.04,0.03,0.01,0.335,0.245,0.19667,0.025,0.11667,0.04333,0.03,0.00833
1430.0,s2_capability,0.35,0.24,0.18,0.03,0.12,0.04,0.03,0.01,0.35667,0.23167,0.18833,0.03333,0.11167,0.03167,0.03833,0.00833
1440.0,s2_capability,0.35,0.24,0.18,0.03,0.12,0.04,0.03,0.01,0.36333,0.21667,0.17833,0.02167,0.13667,0.04167,0.03333,0.00833
1450.0,s2_capability,0.35,0.24,0.18,0.03,0.12,0.04,0.03,0.01,0.31,0.265,0.19833,0.03333,0.12667,0.03667,0.025,0.005
1460.0,s2_capability,0.35,0.24,0.18,0.03,0.12,0.04,0.03,0.01,0.355,0.24167,0.17,0.02667,0.12833,0.04333,0.03,0.005
1470.0,s2_capability,0.35,0.24,0.18,0.03,0.12,0.04,0.03,0.01,0.34667,0.24333,0.16833,0.02667,0.14,0.03333,0.03167,0.01
1480.0,s2_capability,0.35,0.24,0.18,0.03,0.12,0.04,0.03,0.01,0.35167,0.255,0.185,0.02833,0.1,0.045,0.02833,0.00667
1490.0,s2_capability,0.35,0.24,0.18,0.03,0.12,0.04,0.03,0.01,0.38,0.22667,0.18167,0.03,0.10667,0.035,0.02833,0.01167
1500.0,s2_capability,0.35,0.24,0.18,0.03,0.12,0.04,0.03,0.01,0.35,0.23333,0.19167,0.02667,0.12,0.035,0.035,0.00833
1510.0,s2_capability,0.35,0.24,0.18,0.03,0.12,0.04,0.03,0.01,0.355,0.23667,0.185,0.04,0.1,0.04333,0.03,0.01
1520.0,s2_capability,0.35,0.24,0.18,0.03,0.12,0.04,0.03,0.01,0.36167,0.22333,0.18,0.03167,0.125,0.04167,0.03,0.00667
1530.0,s2_capability,0.35,0.24,0.18,0.03,0.12,0.04,0.03,0.01,0.36833,0.22667,0.18833,0.02333,0.11167,0.03,0.04167,0.01
1540.0,s2_capability,0.35,0.24,0.18,0.03,0.12,0.04,0.03,0.01,0.365,0.24167,0.16833,0.02667,0.11167,0.03833,0.03333,0.015
1550.0,s2_capability,0.35,0.24,0.18,0.03,0.12,0.04,0.03,0.01,0.35667,0.23,0.18833,0.03,0.13333,0.03,0.025,0.00667
1560.0,s2_capability,0.35,0.24,0.18,0.03,0.12,0.04,0.03,0.01,0.33833,0.25667,0.16333,0.04333,0.125,0.03667,0.03,0.00667
1570.0,s2_capability,0.35,0.24,0.18,0.03,0.12,0.04,0.03,0.01,0.345,0.24833,0.175,0.02833,0.12,0.04,0.035,0.00833
1580.0,s2_capability,0.35,0.24,0.18,0.03,0.12,0.04,0.03,0.01,0.34,0.25833,0.18,0.03833,0.1,0.04667,0.03,0.00667
1590.0,s2_capability,0.35,0.24,0.18,0.03,0.12,0.04,0.03,0.01,0.37833,0.245,0.16,0.02833,0.115,0.035,0.03333,0.005
1600.0,s2_capability,0.35,0.24,0.18,0.03,0.12,0.04,0.03,0.01,0.35833,0.25,0.16,0.03167,0.12667,0.03167,0.03,0.01167
1610.0,s2_capability,0.35,0.24,0.18,0.03,0.12,0.04,0.03,0.01,0.34667,0.235,0.17167,0.02333,0.12333,0.05,0.03167,0.01833
1620.0,s2_capability,0.35,0.24,0.18,0.03,0.12,0.04,0.03,0.01,0.345,0.24667,0.15833,0.03833,0.12667,0.04333,0.03167,0.01
1630.0,s2_capability,0.35,0.24,0.18,0.03,0.12,0.04,0.03,0.01,0.365,0.24667,0.165,0.02667,0.125,0.03333,0.03,0.00833
1640.0,s2_capability,0.35,0.24,0.18,0.03,0.12,0.04,0.03,0.01,0.32833,0.25,0.17667,0.02667,0.14167,0.04333,0.02667,0.00667
1650.0,s2_capability,0.35,0.24,0.18,0.03,0.12,0.04,0.03,0.01,0.35667,0.23833,0.16833,0.02333,0.13,0.035,0.02833,0.02
1660.0,s2_capability,0.35,0.24,0.18,0.03,0.12,0.04,0.03,0.01,0.37,0.225,0.16333,0.04,0.115,0.045,0.03333,0.00833
1670.0,s2_capability,0.35,0.24,0.18,0.03,0.12,0.04,0.03,0.01,0.34167,0.25333,0.195,0.02,0.11,0.04167,0.02667,0.01167
1680.0,s2_capability,0.35,0.24,0.18,0.03,0.12,0.04,0.03,0.01,0.345,0.26167,0.18,0.025,0.10833,0.045,0.02333,0.01167
1690.0,s2_capability,0.33714,0.23786,0.17357,0.03,0.12107,0.04107,0.04821,0.01107,0.34833,0.24,0.16,0.03167,0.13167,0.03833,0.03667,0.01333
1700.0,s3_longctx,0.26,0.225,0.135,0.03,0.1275,0.0475,0.1575,0.0175,0.285,0.215,0.11333,0.035,0.13167,0.04333,0.155,0.02167
1710.0,s3_longctx,0.24286,0.22214,0.12643,0.03,0.12893,0.04893,0.18179,0.01893,0.24,0.225,0.125,0.03167,0.13167,0.04833,0.18333,0.015
1720.0,s3_longctx,0.23,0.22,0.12,0.03,0.13,0.05,0.2,0.02,0.24,0.22333,0.11833,0.03,0.14167,0.04667,0.18167,0.01833
1730.0,s3_longctx,0.23,0.22,0.12,0.03,0.13,0.05,0.2,0.02,0.19,0.26167,0.11333,0.02667,0.12833,0.04833,0.21,0.02167
1740.0,s3_longctx,0.23,0.22,0.12,0.03,0.13,0.05,0.2,0.02,0.20833,0.22167,0.12833,0.02667,0.125,0.05167,0.21,0.02833
1750.0,s3_longctx,0.23,0.22,0.12,0.03,0.13,0.05,0.2,0.02,0.24,0.21833,0.11167,0.03,0.13167,0.04167,0.20833,0.01833
1760.0,s3_longctx,0.23,0.22,0.12,0.03,0.13,0.05,0.2,0.02,0.23,0.22833,0.11333,0.03167,0.12667,0.04167,0.205,0.02333
1770.0,s3_longctx,0.23,0.22,0.12,0.03,0.13,0.05,0.2,0.02,0.22167,0.24333,0.115,0.02833,0.10833,0.055,0.21,0.01833
1780.0,s3_longctx,0.23,0.22,0.12,0.03,0.13,0.05,0.2,0.02,0.22667,0.19667,0.115,0.03333,0.15,0.05333,0.20833,0.01667
1790.0,s3_longctx,0.23,0.22,0.12,0.03,0.13,0.05,0.2,0.02,0.22333,0.235,0.10167,0.03167,0.13167,0.05333,0.20667,0.01667
1800.0,s3_longctx,0.23,0.22,0.12,0.03,0.13,0.05,0.2,0.02,0.24,0.22,0.11167,0.025,0.13,0.045,0.20667,0.02167
1810.0,s3_longctx,0.23,0.22,0.12,0.03,0.13,0.05,0.2,0.02,0.23667,0.23,0.11667,0.03167,0.12833,0.04,0.19667,0.02
1820.0,s3_longctx,0.23,0.22,0.12,0.03,0.13,0.05,0.2,0.02,0.21833,0.22833,0.09833,0.03667,0.125,0.06167,0.21333,0.01833
1830.0,s3_longctx,0.23,0.22,0.12,0.03,0.13,0.05,0.2,0.02,0.245,0.22,0.105,0.03167,0.12833,0.05,0.20333,0.01667
1840.0,s3_longctx,0.23,0.22,0.12,0.03,0.13,0.05,0.2,0.02,0.25833,0.21,0.11,0.03333,0.13167,0.06333,0.18333,0.01
1850.0,s3_longctx,0.23,0.22,0.12,0.03,0.13,0.05,0.2,0.02,0.22,0.24833,0.12,0.03167,0.11167,0.04667,0.20167,0.02
1860.0,s3_longctx,0.23,0.22,0.12,0.03,0.13,0.05,0.2,0.02,0.23167,0.22333,0.10833,0.02333,0.11167,0.055,0.225,0.02167
1870.0,s3_longctx,0.23,0.22,0.12,0.03,0.13,0.05,0.2,0.02,0.24667,0.23167,0.12833,0.03333,0.11333,0.04167,0.18833,0.01667
1880.0,s3_longctx,0.23,0.22,0.12,0.03,0.13,0.05,0.2,0.02,0.245,0.22333,0.11333,0.02833,0.11667,0.045,0.20833,0.02
1890.0,s3_longctx,0.23,0.22,0.12,0.03,0.13,0.05,0.2,0.02,0.25,0.22833,0.12833,0.035,0.11667,0.04833,0.18167,0.01167
1900.0,s3_longctx,0.23,0.22,0.12,0.03,0.13,0.05,0.2,0.02,0.22167,0.23333,0.11333,0.03333,0.125,0.045,0.20667,0.02167
1910.0,s3_longctx,0.23,0.22,0.12,0.03,0.13,0.05,0.2,0.02,0.20167,0.24,0.1,0.035,0.12833,0.04333,0.235,0.01667
1920.0,s3_longctx,0.23,0.22,0.12,0.03,0.13,0.05,0.2,0.02,0.22167,0.21,0.12833,0.03167,0.12667,0.045,0.225,0.01167
1930.0,s3_longctx,0.23,0.22,0.12,0.03,0.13,0.05,0.2,0.02,0.22667,0.22,0.12,0.03333,0.125,0.05,0.20667,0.01833
1940.0,s3_longctx,0.23,0.22,0.12,0.03,0.13,0.05,0.2,0.02,0.235,0.22833,0.12,0.03167,0.13833,0.06167,0.175,0.01
1950.0,s3_longctx,0.23,0.22,0.12,0.03,0.13,0.05,0.2,0.02,0.21333,0.23167,0.12333,0.03,0.12333,0.06167,0.2,0.01667
1960.0,s3_longctx,0.23,0.22,0.12,0.03,0.13,0.05,0.2,0.02,0.24167,0.20167,0.125,0.03167,0.11167,0.04,0.22167,0.02667
1970.0,s3_longctx,0.23,0.22,0.12,0.03,0.13,0.05,0.2,0.02,0.20833,0.21833,0.13667,0.02167,0.12667,0.065,0.205,0.01833
1980.0,s3_longctx,0.23,0.22,0.12,0.03,0.13,0.05,0.2,0.02,0.235,0.205,0.12,0.04,0.12833,0.045,0.21333,0.01333
1990.0,s3_longctx,0.23,0.22,0.12,0.03,0.13,0.05,0.2,0.02,0.22167,0.21667,0.12333,0.03167,0.14333,0.04167,0.19167,0.03
2000.0,s3_longctx,0.23,0.22,0.12,0.03,0.13,0.05,0.2,0.02,0.24167,0.20667,0.11667,0.02833,0.12,0.065,0.205,0.01667
2010.0,s3_longctx,0.23,0.22,0.12,0.03,0.13,0.05,0.2,0.02,0.22833,0.22,0.09333,0.02833,0.145,0.05167,0.20833,0.025
2020.0,s3_longctx,0.23,0.22,0.12,0.03,0.13,0.05,0.2,0.02,0.21667,0.23167,0.11167,0.02833,0.12,0.055,0.21333,0.02333
2030.0,s3_longctx,0.23,0.22,0.12,0.03,0.13,0.05,0.2,0.02,0.22333,0.22333,0.12833,0.02833,0.13667,0.05167,0.18667,0.02167
2040.0,s3_longctx,0.23,0.22,0.12,0.03,0.13,0.05,0.2,0.02,0.24833,0.22333,0.13,0.02667,0.11333,0.04667,0.19,0.02167
2050.0,s3_longctx,0.23,0.22,0.12,0.03,0.13,0.05,0.2,0.02,0.21833,0.23333,0.11333,0.035,0.115,0.05333,0.21,0.02167
2060.0,s3_longctx,0.23,0.22,0.12,0.03,0.13,0.05,0.2,0.02,0.25,0.23167,0.11167,0.02167,0.13667,0.035,0.18833,0.025
2070.0,s3_longctx,0.23,0.22,0.12,0.03,0.13,0.05,0.2,0.02,0.26,0.19167,0.13833,0.03167,0.125,0.04833,0.18833,0.01667
2080.0,s3_longctx,0.23,0.22,0.12,0.03,0.13,0.05,0.2,0.02,0.25167,0.19,0.135,0.03,0.12333,0.05167,0.20167,0.01667
2090.0,s3_longctx,0.23,0.22,0.12,0.03,0.13,0.05,0.2,0.02,0.22833,0.215,0.12333,0.02167,0.145,0.04167,0.19833,0.02667
2100.0,s3_longctx,0.23,0.22,0.12,0.03,0.13,0.05,0.2,0.02,0.22833,0.22333,0.125,0.02667,0.12667,0.05667,0.19167,0.02167
2110.0,s3_longctx,0.23,0.22,0.12,0.03,0.13,0.05,0.2,0.02,0.225,0.22667,0.11333,0.035,0.13,0.04833,0.20167,0.02
2120.0,s3_longctx,0.23,0.22,0.12,0.03,0.13,0.05,0.2,0.02,0.235,0.22333,0.10833,0.03667,0.13667,0.04833,0.19167,0.02
2130.0,s3_longctx,0.23,0.22,0.12,0.03,0.13,0.05,0.2,0.02,0.24333,0.21,0.105,0.02667,0.12667,0.05,0.205,0.03333
2140.0,s3_longctx,0.23,0.22,0.12,0.03,0.13,0.05,0.2,0.02,0.24167,0.205,0.125,0.03,0.14667,0.055,0.17833,0.01833
2150.0,s4_precool,0.2,0.22,0.1425,0.045,0.175,0.0575,0.14,0.02,0.18,0.25167,0.13,0.05,0.18333,0.05667,0.12667,0.02167
2160.0,s4_precool,0.19,0.22,0.15,0.05,0.19,0.06,0.12,0.02,0.18,0.23167,0.16667,0.04333,0.17667,0.06,0.12,0.02167
2170.0,s4_precool,0.19,0.22,0.15,0.05,0.19,0.06,0.12,0.02,0.21167,0.20833,0.15,0.04333,0.18,0.04833,0.12833,0.03
2180.0,s4_precool,0.19,0.22,0.15,0.05,0.19,0.06,0.12,0.02,0.19667,0.205,0.14667,0.04833,0.19833,0.05833,0.12333,0.02333
2190.0,s4_precool,0.19,0.22,0.15,0.05,0.19,0.06,0.12,0.02,0.20333,0.18833,0.15167,0.04833,0.20833,0.06333,0.12167,0.015
2200.0,s4_precool,0.19,0.22,0.15,0.05,0.19,0.06,0.12,0.02,0.18667,0.20667,0.19333,0.04833,0.18833,0.04667,0.11167,0.01833
2210.0,s4_precool,0.19,0.22,0.15,0.05,0.19,0.06,0.12,0.02,0.17833,0.22333,0.14333,0.055,0.19667,0.06333,0.11833,0.02167
2220.0,s4_precool,0.19,0.22,0.15,0.05,0.19,0.06,0.12,0.02,0.17,0.21167,0.13,0.05167,0.21333,0.06667,0.13667,0.02
2230.0,s4_precool,0.19,0.22,0.15,0.05,0.19,0.06,0.12,0.02,0.16333,0.21833,0.16667,0.05833,0.18833,0.05167,0.135,0.01833
2240.0,s4_precool,0.19,0.22,0.15,0.05,0.19,0.06,0.12,0.02,0.2,0.23167,0.15,0.04833,0.17167,0.065,0.11667,0.01667
2250.0,s4_precool,0.19,0.22,0.15,0.05,0.19,0.06,0.12,0.02,0.18333,0.20333,0.155,0.055,0.19,0.07333,0.115,0.025
2260.0,s4_precool,0.19,0.22,0.15,0.05,0.19,0.06,0.12,0.02,0.21167,0.20833,0.15167,0.055,0.18167,0.05833,0.115,0.01833
2270.0,s4_precool,0.19,0.22,0.15,0.05,0.19,0.06,0.12,0.02,0.19,0.22167,0.13833,0.05167,0.19167,0.065,0.11667,0.025
2280.0,s4_precool,0.19,0.22,0.15,0.05,0.19,0.06,0.12,0.02,0.18,0.21667,0.16333,0.05,0.185,0.05333,0.13167,0.02
2290.0,s4_precool,0.19,0.22,0.15,0.05,0.19,0.06,0.12,0.02,0.19333,0.24167,0.14,0.04333,0.195,0.06167,0.10833,0.01667
2300.0,s4_precool,0.19,0.22,0.15,0.05,0.19,0.06,0.12,0.02,0.2,0.23,0.14167,0.04167,0.17833,0.07,0.12667,0.01167
2310.0,s4_precool,0.19,0.22,0.15,0.05,0.19,0.06,0.12,0.02,0.19667,0.19333,0.14833,0.05333,0.20667,0.05833,0.12,0.02333
2320.0,s4_precool,0.19,0.22,0.15,0.05,0.19,0.06,0.12,0.02,0.20833,0.19333,0.16167,0.04667,0.2,0.05,0.11333,0.02667
2330.0,s4_precool,0.19,0.22,0.15,0.05,0.19,0.06,0.12,0.02,0.17833,0.21,0.165,0.05333,0.19333,0.07333,0.105,0.02167
2340.0,s4_precool,0.19,0.22,0.15,0.05,0.19,0.06,0.12,0.02,0.17667,0.23,0.15167,0.055,0.19333,0.06,0.12167,0.01167
2350.0,s4_precool,0.19,0.22,0.15,0.05,0.19,0.06,0.12,0.02,0.185,0.225,0.15833,0.05167,0.175,0.07333,0.115,0.01667
2360.0,s4_precool,0.19,0.22,0.15,0.05,0.19,0.06,0.12,0.02,0.195,0.22,0.15,0.045,0.17333,0.05833,0.14167,0.01667
2370.0,s4_precool,0.19,0.22,0.15,0.05,0.19,0.06,0.12,0.02,0.16833,0.23167,0.17333,0.05167,0.17333,0.06333,0.12667,0.01167
2380.0,s4_precool,0.19,0.22,0.15,0.05,0.19,0.06,0.12,0.02,0.185,0.22333,0.16,0.045,0.18667,0.055,0.12333,0.02167
2390.0,s4_precool,0.18417,0.21833,0.15,0.05833,0.19083,0.06583,0.11417,0.01833,0.20667,0.225,0.12667,0.05833,0.19667,0.07333,0.09833,0.015
2400.0,anneal,0.1375,0.205,0.15,0.125,0.1975,0.1125,0.0675,0.005,0.13667,0.22833,0.16,0.12167,0.15833,0.12,0.07,0.005
2410.0,anneal,0.12583,0.20167,0.15,0.14167,0.19917,0.12417,0.05583,0.00167,0.13667,0.18833,0.15167,0.145,0.19667,0.13,0.05,0.00167
2420.0,anneal,0.12,0.2,0.15,0.15,0.2,0.13,0.05,0.0,0.13167,0.2,0.14333,0.13667,0.20667,0.13667,0.045,0.0
2430.0,anneal,0.12,0.2,0.15,0.15,0.2,0.13,0.05,0.0,0.11833,0.19667,0.16,0.14833,0.19167,0.125,0.06,0.0
2440.0,anneal,0.12,0.2,0.15,0.15,0.2,0.13,0.05,0.0,0.12333,0.19333,0.13833,0.16833,0.21,0.11833,0.04833,0.0
2450.0,anneal,0.12,0.2,0.15,0.15,0.2,0.13,0.05,0.0,0.11667,0.205,0.14,0.13,0.21167,0.14,0.05667,0.0
2460.0,anneal,0.12,0.2,0.15,0.15,0.2,0.13,0.05,0.0,0.11667,0.18333,0.15667,0.155,0.205,0.12667,0.05667,0.0
2470.0,anneal,0.12,0.2,0.15,0.15,0.2,0.13,0.05,0.0,0.12167,0.21333,0.13333,0.14667,0.19833,0.13833,0.04833,0.0
2480.0,anneal,0.12,0.2,0.15,0.15,0.2,0.13,0.05,0.0,0.115,0.205,0.145,0.16667,0.19833,0.13167,0.03833,0.0
2490.0,anneal,0.12,0.2,0.15,0.15,0.2,0.13,0.05,0.0,0.14167,0.195,0.15,0.13167,0.20833,0.12,0.05333,0.0
